"","x"
"1","MPH"
"2","MPH-PTIB"
"3","PHD: Population Family Reproductive Health"
"4","SOM-PDF: Non-Departmental"
"5","MSPH: Health Policy and Management"
"6","MHS: Epidemiology"
"7","DRPH: International Health"
"8","SS-LTD"
"9","MSPH: Population Family Reproductive Health"
"10","SS-CERT: Health Behavior and Society"
"11","MPH/MBA"
"12","MSPH: International Health"
"13","DRPH-PT: Health Policy and Management"
"14","PHD: Health Policy and Management"
"15","SS-REG: Epidemiology"
"16","MHA: Health Policy and Management"
"17","PHD: Biostatistics"
"18","PHD: Epidemiology"
"19","PHD: Biochemistry and Molecular Biology"
"20","PHD: Clinical Investigation"
"21","SS-CERT: Health Policy and Management"
"22","SCM: Molecular Microbiology and Immunology"
"23","SS-CERT: International Health"
"24","PHD: Molecular Microbiology and Immunology"
"25","SS-PDF: Mental Health"
"26","BA/MSPH: Health Policy and Management"
"27","SS-RES: Non-Departmental"
"28","DRPH-PT: Population Family Reproductive Health"
"29","MHS: Molecular Microbiology and Immunology"
"30","MHS: Biochemistry and Molecular Biology"
"31","BA/MHS: Mental Health"
"32","PHD: International Health"
"33","SCM: Biostatistics"
"34","SS-CERT: Environmental Health Sciences"
"35","MHS: Clinical Investigation"
"36","MHS: Health Policy and Management"
"37","MPP: Health Policy and Management"
"38","PHD: Mental Health"
"39","SCD: Epidemiology"
"40","PHD: Environmental Health Sciences"
"41","PHD: Health Behavior and Society"
"42","SCM: Health Behavior and Society"
"43","SS-PDF: Biochemistry and Molecular Biology"
"44","MSPH: Health Behavior and Society"
"45","MHS: Health Behavior and Society"
"46","MHS: Mental Health"
"47","DRPH: Epidemiology"
"48","MHS: International Health"
"49","SS-PDF: Epidemiology"
"50","SCM: Epidemiology"
"51","DRPH: Health Policy and Management"
"52","SCM: Biochemistry and Molecular Biology"
"53","MHS: Environmental Health Sciences"
"54","SS-PDF: Biostatistics"
"55","MSPH-PTIB: Environmental Health Sciences"
"56","MPH-RES"
"57","MSPH-PT: Health Behavior and Society"
"58","SS-CERT: Non-Departmental"
"59","SCM: Clinical Investigation"
"60","SS-PDF: Environmental Health Sciences"
"61","SS-PDF: Molecular Microbiology and Immunology"
"62","MHS: Biostatistics"
"63","MSPH: Environmental Health Sciences"
"64","SS-CERT: Epidemiology"
"65","SS-REG: International Health"
"66","SS-PDF: International Health"
"67","DRPH: Population Family Reproductive Health"
"68","SS-REG: Environmental Health Sciences"
"69","DRPH-PT: Environmental Health Sciences"
"70","BA/MHS: Environmental Health Sciences"
"71","SS-PDF: Population Family Reproductive Health"
"72","MHS: Population Family Reproductive Health"
"73","MPH/JD"
"74","MSPH/MA: International Health"
"75","BA/MHS: Epidemiology"
"76","SS-CERT: Population Family Reproductive Health"
"77","MPH/MSW"
"78","SS-CERT: Mental Health"
"79","DRPH-PT: Health Behavior and Society"
"80","SS-PDF: Health Behavior and Society"
